{
  "Аспирин": "Аспирин-C показан к применению у взрослых для симптоматического лечения умеренного или слабовыраженного болевого синдрома различного происхождения (головной боли, зубной боли, мигрени, невралгии, мышечной боли, боли при менструациях), а также для симптоматического лечения лихорадочного синдрома при простудных и других инфекционно-воспалительных заболеваниях у взрослых и детей старше 15 лет. ",
  "Парацетамол": "Парацетамол является основным метаболитом фенацетина с химически близкими ему свойствами. При приёме фенацетина быстро образуется в организме и обусловливает анальгетический эффект последнего. По болеутоляющей активности парацетамол не отличается от фенацетина.",
  "Ибупрофен": "Ибупрофен является нестероидным противовоспалительным препаратом (НПВП). Обладает противовоспалительной, анальгетической и умеренной жаропонижающей активностью. В основе механизма его действия существенную роль играет ингибирование биосинтеза простагландинов E и F как на центральном, так и на периферическом уровне.",
  "Лоратадин": "Продолжительно блокирует H1-гистаминовые рецепторы. Подавляет высвобождение гистамина и лейкотриена С4 из тучных клеток. Предупреждает развитие и облегчает течение аллергических реакций. Обладает противоаллергическим, противозудным, противоэкссудативным действием.",
  "Амброксол": "Обладает секретомоторным, секретолитическим и отхаркивающим действием; стимулирует серозные клетки желез слизистой оболочки бронхов, увеличивает содержание слизистого секрета и выделение поверхностно-активного вещества (сурфактанта) в альвеолах и бронхах; нормализует нарушенное соотношение серозного и слизистого компонентов мокроты."
}